Category,Item Name,Food Type,Meal Time
Weight Gain,Chicken breast,Non-Vegetarian,Lunch
Weight Gain,Greek yogurt,Vegetarian,Breakfast
Weight Gain,Almonds,Vegetarian,Snack
Weight Gain,Beef steak,Non-Vegetarian,Dinner
Weight Gain,Avocados,Vegetarian,Lunch
Weight Gain,Oats,Vegetarian,Breakfast
Weight Gain,Whole wheat bread,Vegetarian,Lunch
Weight Gain,Peanut butter,Vegetarian,Breakfast
Weight Gain,Salmon,Non-Vegetarian,Dinner
Weight Gain,Cottage cheese,Vegetarian,Lunch
Weight Loss,Spinach,Vegetarian,Lunch
Weight Loss,Grilled chicken salad,Non-Vegetarian,Dinner
Weight Loss,Brown rice,Vegetarian,Lunch
Weight Loss,Quinoa,Vegetarian,Dinner
Weight Loss,Apple,Vegetarian,Breakfast
Weight Loss,Carrots,Vegetarian,Snack
Weight Loss,Turkey breast,Non-Vegetarian,Lunch
Weight Loss,Berries,Vegetarian,Breakfast
Weight Loss,Tofu,Vegetarian,Dinner
Weight Loss,Lean beef,Non-Vegetarian,Dinner
Weight Gain,Cheese omelette,Vegetarian,Breakfast
Weight Gain,Smoothie with protein powder,Vegetarian,Breakfast
Weight Gain,Lamb,Non-Vegetarian,Dinner
Weight Gain,Pork tenderloin,Non-Vegetarian,Lunch
Weight Gain,Butter,Vegetarian,Breakfast
Weight Gain,Sweet potatoes,Vegetarian,Lunch
Weight Gain,Granola,Vegetarian,Breakfast
Weight Gain,Whole milk,Vegetarian,Breakfast
Weight Gain,Walnuts,Vegetarian,Snack
Weight Gain,Cashews,Vegetarian,Snack
Weight Gain,Raisins,Vegetarian,Snack
Weight Gain,Trail mix,Vegetarian,Snack
Weight Gain,Chia seeds,Vegetarian,Breakfast
Weight Gain,Coconut oil,Vegetarian,Dinner
Weight Loss,Lentil soup,Vegetarian,Lunch
Weight Loss,Kale salad,Vegetarian,Lunch
Weight Loss,Grilled salmon,Non-Vegetarian,Dinner
Weight Loss,Boiled eggs,Vegetarian,Breakfast
Weight Loss,Zucchini noodles,Vegetarian,Dinner
Weight Loss,Banana,Vegetarian,Breakfast
Weight Loss,Hummus with veggies,Vegetarian,Snack
Weight Loss,Cottage cheese,Vegetarian,Snack
Weight Loss,Chicken breast,Non-Vegetarian,Lunch
Weight Loss,Steamed broccoli,Vegetarian,Dinner
Weight Gain,Macaroni and cheese,Vegetarian,Dinner
Weight Gain,Protein shake,Vegetarian,Breakfast
Weight Gain,Banana pancakes,Vegetarian,Breakfast
Weight Gain,Chocolate milkshake,Vegetarian,Dessert
Weight Gain,Fried chicken,Non-Vegetarian,Lunch
Weight Gain,Sausage,Non-Vegetarian,Breakfast
Weight Gain,Meatballs,Non-Vegetarian,Dinner
Weight Gain,Butter chicken,Non-Vegetarian,Lunch
Weight Gain,Ice cream,Vegetarian,Dessert
Weight Gain,Full-fat yogurt,Vegetarian,Breakfast
Weight Loss,Chicken soup,Non-Vegetarian,Lunch
Weight Loss,Tuna salad,Non-Vegetarian,Dinner
Weight Loss,Oranges,Vegetarian,Breakfast
Weight Loss,Green smoothie,Vegetarian,Breakfast
Weight Loss,Grilled shrimp,Non-Vegetarian,Dinner
Weight Loss,Asparagus,Vegetarian,Dinner
Weight Loss,Broiled fish,Non-Vegetarian,Dinner
Weight Gain,Pasta,Vegetarian,Lunch
Weight Gain,Cheese,Vegetarian,Snack
Weight Gain,Chocolate,Vegetarian,Snack
Weight Gain,Bacon,Non-Vegetarian,Breakfast
Weight Gain,Egg muffins,Vegetarian,Breakfast
Weight Gain,Chocolate fudge,Vegetarian,Dessert
Weight Gain,Pork belly,Non-Vegetarian,Lunch
Weight Gain,Potato salad,Vegetarian,Lunch
Weight Gain,Chocolate truffles,Vegetarian,Dessert
Weight Gain,Fried calamari,Non-Vegetarian,Dinner
Weight Gain,Chocolate cake,Vegetarian,Dessert
Weight Gain,Pancakes,Vegetarian,Breakfast
Weight Gain,French toast,Vegetarian,Breakfast
Weight Gain,Brioche,Vegetarian,Breakfast
Weight Gain,Ribs,Non-Vegetarian,Dinner
Weight Gain,Waffles,Vegetarian,Breakfast
Weight Gain,Lasagna,Vegetarian,Dinner
Weight Gain,Garlic bread,Vegetarian,Dinner
Weight Gain,Margarita pizza,Vegetarian,Lunch
Weight Gain,Chili con carne,Non-Vegetarian,Dinner
Weight Gain,Pulled pork sandwich,Non-Vegetarian,Lunch
Weight Gain,Hot dog,Non-Vegetarian,Lunch
Weight Gain,Hamburger,Non-Vegetarian,Lunch
Weight Gain,Beef stew,Non-Vegetarian,Dinner
Weight Gain,Chicken wings,Non-Vegetarian,Dinner
Weight Gain,Buffalo wings,Non-Vegetarian,Dinner
Weight Gain,Shrimp scampi,Non-Vegetarian,Dinner
Weight Gain,Clam chowder,Non-Vegetarian,Dinner
Weight Gain,Sushi,Non-Vegetarian,Lunch
Weight Gain,Crab cakes,Non-Vegetarian,Dinner
Weight Gain,Lobster roll,Non-Vegetarian,Lunch
Weight Gain,Clams casino,Non-Vegetarian,Dinner
Weight Gain,Mussels in garlic sauce,Non-Vegetarian,Dinner
Weight Gain,Lamb chops,Non-Vegetarian,Dinner
Weight Gain,Duck confit,Non-Vegetarian,Dinner
Weight Gain,Braised beef short ribs,Non-Vegetarian,Dinner
Weight Gain,Rack of lamb,Non-Vegetarian,Dinner
Weight Gain,Peking duck,Non-Vegetarian,Dinner
Weight Gain,Roast pork loin,Non-Vegetarian,Dinner
Weight Gain,Roast beef,Non-Vegetarian,Dinner
Weight Gain,Veal parmesan,Non-Vegetarian,Dinner
Weight Gain,Beef Wellington,Non-Vegetarian,Dinner
Weight Gain,Chicken Parmesan,Non-Vegetarian,Dinner
Weight Gain,Eggplant Parmesan,Vegetarian,Dinner
Weight Gain,Fettuccine Alfredo,Vegetarian,Dinner
Weight Gain,Spaghetti Bolognese,Non-Vegetarian,Dinner
Weight Gain,Beef Stroganoff,Non-Vegetarian,Dinner
Weight Gain,Creamy garlic pasta,Vegetarian,Dinner
Weight Gain,Cheeseburger,Non-Vegetarian,Lunch
Weight Gain,Brisket,Non-Vegetarian,Dinner
Weight Gain,Pastrami sandwich,Non-Vegetarian,Lunch
Weight Gain,Pulled pork,Non-Vegetarian,Lunch
Weight Gain,BBQ ribs,Non-Vegetarian,Dinner
Weight Gain,Chimichurri steak,Non-Vegetarian,Dinner
Weight Gain,Churros,Vegetarian,Dessert
Weight Gain,Chocolate chip cookies,Vegetarian,Dessert
Weight Gain,Pecan pie,Vegetarian,Dessert
Weight Gain,Cheesecake,Vegetarian,Dessert
Weight Gain,Banoffee pie,Vegetarian,Dessert
Weight Gain,Tiramisu,Vegetarian,Dessert
