Food Item,Food Type,Category,Meal Time,Calories,Sugar,BP,Heart Disease,Asthma,Allergy,Cholesterol,Thyroid,All,None
Apple,Fruit,Vegetarian,Snack,52,Yes,Yes,Yes,Yes,Yes,Yes,Yes,Yes,No
Banana,Fruit,Vegetarian,Snack,89,Yes,Yes,Yes,Yes,Yes,Yes,Yes,Yes,No
Broccoli,Vegetable,Vegetarian,Lunch,55,Yes,Yes,Yes,Yes,Yes,Yes,Yes,Yes,No
Chicken Breast,Meat,Non-Vegetarian,Lunch,165,Yes,Yes,Yes,Yes,Yes,Yes,Yes,Yes,No
Almonds,Nuts,Vegetarian,Snack,579,Yes,Yes,Yes,Yes,Yes,Yes,Yes,Yes,No
Salmon,Fish,Non-Vegetarian,Dinner,208,Yes,Yes,Yes,Yes,Yes,Yes,Yes,Yes,No
Oats,Grain,Vegetarian,Breakfast,389,Yes,Yes,Yes,Yes,Yes,Yes,Yes,Yes,No
Avocado,Fruit,Vegetarian,Snack,160,Yes,Yes,Yes,Yes,Yes,Yes,Yes,Yes,No
Chocolate Cake,Dessert,Vegetarian,Dessert,300,No,No,No,Yes,No,No,No,No,Yes
Tofu,Protein,Vegan,Lunch,76,Yes,Yes,Yes,Yes,Yes,Yes,Yes,Yes,No
Apple,Fruit,Vegetarian,Snack,52,Yes,Yes,Yes,Yes,Yes,Yes,Yes,Yes,No
Banana,Fruit,Vegetarian,Snack,89,Yes,Yes,Yes,Yes,Yes,Yes,Yes,Yes,No
Broccoli,Vegetable,Vegetarian,Lunch,55,Yes,Yes,Yes,Yes,Yes,Yes,Yes,Yes,No
Chicken Breast,Meat,Non-Vegetarian,Lunch,165,Yes,Yes,Yes,Yes,Yes,Yes,Yes,Yes,No
Almonds,Nuts,Vegetarian,Snack,579,Yes,Yes,Yes,Yes,Yes,Yes,Yes,Yes,No
Salmon,Fish,Non-Vegetarian,Dinner,208,Yes,Yes,Yes,Yes,Yes,Yes,Yes,Yes,No
Oats,Grain,Vegetarian,Breakfast,389,Yes,Yes,Yes,Yes,Yes,Yes,Yes,Yes,No
Avocado,Fruit,Vegetarian,Snack,160,Yes,Yes,Yes,Yes,Yes,Yes,Yes,Yes,No
Chocolate Cake,Dessert,Vegetarian,Dessert,300,No,No,No,Yes,No,No,No,No,Yes
Tofu,Protein,Vegan,Lunch,76,Yes,Yes,Yes,Yes,Yes,Yes,Yes,Yes,No
Apple,Fruit,Vegetarian,Snack,52,Yes,Yes,Yes,Yes,Yes,Yes,Yes,Yes,No
Banana,Fruit,Vegetarian,Snack,89,Yes,Yes,Yes,Yes,Yes,Yes,Yes,Yes,No
Broccoli,Vegetable,Vegetarian,Lunch,55,Yes,Yes,Yes,Yes,Yes,Yes,Yes,Yes,No
Chicken Breast,Meat,Non-Vegetarian,Lunch,165,Yes,Yes,Yes,Yes,Yes,Yes,Yes,Yes,No
Almonds,Nuts,Vegetarian,Snack,579,Yes,Yes,Yes,Yes,Yes,Yes,Yes,Yes,No
Salmon,Fish,Non-Vegetarian,Dinner,208,Yes,Yes,Yes,Yes,Yes,Yes,Yes,Yes,No
Oats,Grain,Vegetarian,Breakfast,389,Yes,Yes,Yes,Yes,Yes,Yes,Yes,Yes,No
Avocado,Fruit,Vegetarian,Snack,160,Yes,Yes,Yes,Yes,Yes,Yes,Yes,Yes,No
Chocolate Cake,Dessert,Vegetarian,Dessert,300,No,No,No,Yes,No,No,No,No,Yes
Tofu,Protein,Vegan,Lunch,76,Yes,Yes,Yes,Yes,Yes,Yes,Yes,Yes,No
Apple,Fruit,Vegetarian,Snack,52,Yes,Yes,Yes,Yes,Yes,Yes,Yes,Yes,No
Banana,Fruit,Vegetarian,Snack,89,Yes,Yes,Yes,Yes,Yes,Yes,Yes,Yes,No
Broccoli,Vegetable,Vegetarian,Lunch,55,Yes,Yes,Yes,Yes,Yes,Yes,Yes,Yes,No
Chicken Breast,Meat,Non-Vegetarian,Lunch,165,Yes,Yes,Yes,Yes,Yes,Yes,Yes,Yes,No
Almonds,Nuts,Vegetarian,Snack,579,Yes,Yes,Yes,Yes,Yes,Yes,Yes,Yes,No
Salmon,Fish,Non-Vegetarian,Dinner,208,Yes,Yes,Yes,Yes,Yes,Yes,Yes,Yes,No
Oats,Grain,Vegetarian,Breakfast,389,Yes,Yes,Yes,Yes,Yes,Yes,Yes,Yes,No
Avocado,Fruit,Vegetarian,Snack,160,Yes,Yes,Yes,Yes,Yes,Yes,Yes,Yes,No
Chocolate Cake,Dessert,Vegetarian,Dessert,300,No,No,No,Yes,No,No,No,No,Yes
Tofu,Protein,Vegan,Lunch,76,Yes,Yes,Yes,Yes,Yes,Yes,Yes,Yes,No
Apple,Fruit,Vegetarian,Snack,52,Yes,Yes,Yes,Yes,Yes,Yes,Yes,Yes,No
Banana,Fruit,Vegetarian,Snack,89,Yes,Yes,Yes,Yes,Yes,Yes,Yes,Yes,No
Broccoli,Vegetable,Vegetarian,Lunch,55,Yes,Yes,Yes,Yes,Yes,Yes,Yes,Yes,No
Chicken Breast,Meat,Non-Vegetarian,Lunch,165,Yes,Yes,Yes,Yes,Yes,Yes,Yes,Yes,No
Almonds,Nuts,Vegetarian,Snack,579,Yes,Yes,Yes,Yes,Yes,Yes,Yes,Yes,No
Salmon,Fish,Non-Vegetarian,Dinner,208,Yes,Yes,Yes,Yes,Yes,Yes,Yes,Yes,No
Oats,Grain,Vegetarian,Breakfast,389,Yes,Yes,Yes,Yes,Yes,Yes,Yes,Yes,No
Avocado,Fruit,Vegetarian,Snack,160,Yes,Yes,Yes,Yes,Yes,Yes,Yes,Yes,No
Chocolate Cake,Dessert,Vegetarian,Dessert,300,No,No,No,Yes,No,No,No,No,Yes
Tofu,Protein,Vegan,Lunch,76,Yes,Yes,Yes,Yes,Yes,Yes,Yes,Yes,No
Apple,Fruit,Vegetarian,Snack,52,Yes,Yes,Yes,Yes,Yes,Yes,Yes,Yes,No
Banana,Fruit,Vegetarian,Snack,89,Yes,Yes,Yes,Yes,Yes,Yes,Yes,Yes,No
Broccoli,Vegetable,Vegetarian,Lunch,55,Yes,Yes,Yes,Yes,Yes,Yes,Yes,Yes,No
Chicken Breast,Meat,Non-Vegetarian,Lunch,165,Yes,Yes,Yes,Yes,Yes,Yes,Yes,Yes,No
Almonds,Nuts,Vegetarian,Snack,579,Yes,Yes,Yes,Yes,Yes,Yes,Yes,Yes,No
Salmon,Fish,Non-Vegetarian,Dinner,208,Yes,Yes,Yes,Yes,Yes,Yes,Yes,Yes,No
Oats,Grain,Vegetarian,Breakfast,389,Yes,Yes,Yes,Yes,Yes,Yes,Yes,Yes,No
Avocado,Fruit,Vegetarian,Snack,160,Yes,Yes,Yes,Yes,Yes,Yes,Yes,Yes,No
Chocolate Cake,Dessert,Vegetarian,Dessert,300,No,No,No,Yes,No,No,No,No,Yes
Tofu,Protein,Vegan,Lunch,76,Yes,Yes,Yes,Yes,Yes,Yes,Yes,Yes,No
Apple,Fruit,Vegetarian,Snack,52,Yes,Yes,Yes,Yes,Yes,Yes,Yes,Yes,No
Banana,Fruit,Vegetarian,Snack,89,Yes,Yes,Yes,Yes,Yes,Yes,Yes,Yes,No
Broccoli,Vegetable,Vegetarian,Lunch,55,Yes,Yes,Yes,Yes,Yes,Yes,Yes,Yes,No
Chicken Breast,Meat,Non-Vegetarian,Lunch,165,Yes,Yes,Yes,Yes,Yes,Yes,Yes,Yes,No
Almonds,Nuts,Vegetarian,Snack,579,Yes,Yes,Yes,Yes,Yes,Yes,Yes,Yes,No
Salmon,Fish,Non-Vegetarian,Dinner,208,Yes,Yes,Yes,Yes,Yes,Yes,Yes,Yes,No
Oats,Grain,Vegetarian,Breakfast,389,Yes,Yes,Yes,Yes,Yes,Yes,Yes,Yes,No
Avocado,Fruit,Vegetarian,Snack,160,Yes,Yes,Yes,Yes,Yes,Yes,Yes,Yes,No
Chocolate Cake,Dessert,Vegetarian,Dessert,300,No,No,No,Yes,No,No,No,No,Yes
Tofu,Protein,Vegan,Lunch,76,Yes,Yes,Yes,Yes,Yes,Yes,Yes,Yes,No
Apple,Fruit,Vegetarian,Snack,52,Yes,Yes,Yes,Yes,Yes,Yes,Yes,Yes,No
Banana,Fruit,Vegetarian,Snack,89,Yes,Yes,Yes,Yes,Yes,Yes,Yes,Yes,No
Broccoli,Vegetable,Vegetarian,Lunch,55,Yes,Yes,Yes,Yes,Yes,Yes,Yes,Yes,No
Chicken Breast,Meat,Non-Vegetarian,Lunch,165,Yes,Yes,Yes,Yes,Yes,Yes,Yes,Yes,No
Almonds,Nuts,Vegetarian,Snack,579,Yes,Yes,Yes,Yes,Yes,Yes,Yes,Yes,No
Salmon,Fish,Non-Vegetarian,Dinner,208,Yes,Yes,Yes,Yes,Yes,Yes,Yes,Yes,No
Oats,Grain,Vegetarian,Breakfast,389,Yes,Yes,Yes,Yes,Yes,Yes,Yes,Yes,No
Avocado,Fruit,Vegetarian,Snack,160,Yes,Yes,Yes,Yes,Yes,Yes,Yes,Yes,No
Chocolate Cake,Dessert,Vegetarian,Dessert,300,No,No,No,Yes,No,No,No,No,Yes
Tofu,Protein,Vegan,Lunch,76,Yes,Yes,Yes,Yes,Yes,Yes,Yes,Yes,No
Apple,Fruit,Vegetarian,Snack,52,Yes,Yes,Yes,Yes,Yes,Yes,Yes,Yes,No
Banana,Fruit,Vegetarian,Snack,89,Yes,Yes,Yes,Yes,Yes,Yes,Yes,Yes,No
Broccoli,Vegetable,Vegetarian,Lunch,55,Yes,Yes,Yes,Yes,Yes,Yes,Yes,Yes,No
Chicken Breast,Meat,Non-Vegetarian,Lunch,165,Yes,Yes,Yes,Yes,Yes,Yes,Yes,Yes,No
Almonds,Nuts,Vegetarian,Snack,579,Yes,Yes,Yes,Yes,Yes,Yes,Yes,Yes,No
Salmon,Fish,Non-Vegetarian,Dinner,208,Yes,Yes,Yes,Yes,Yes,Yes,Yes,Yes,No
Oats,Grain,Vegetarian,Breakfast,389,Yes,Yes,Yes,Yes,Yes,Yes,Yes,Yes,No
Avocado,Fruit,Vegetarian,Snack,160,Yes,Yes,Yes,Yes,Yes,Yes,Yes,Yes,No
Chocolate Cake,Dessert,Vegetarian,Dessert,300,No,No,No,Yes,No,No,No,No,Yes
Tofu,Protein,Vegan,Lunch,76,Yes,Yes,Yes,Yes,Yes,Yes,Yes,Yes,No
Apple,Fruit,Vegetarian,Snack,52,Yes,Yes,Yes,Yes,Yes,Yes,Yes,Yes,No
Banana,Fruit,Vegetarian,Snack,89,Yes,Yes,Yes,Yes,Yes,Yes,Yes,Yes,No
Broccoli,Vegetable,Vegetarian,Lunch,55,Yes,Yes,Yes,Yes,Yes,Yes,Yes,Yes,No
Chicken Breast,Meat,Non-Vegetarian,Lunch,165,Yes,Yes,Yes,Yes,Yes,Yes,Yes,Yes,No
Almonds,Nuts,Vegetarian,Snack,579,Yes,Yes,Yes,Yes,Yes,Yes,Yes,Yes,No
Salmon,Fish,Non-Vegetarian,Dinner,208,Yes,Yes,Yes,Yes,Yes,Yes,Yes,Yes,No
Oats,Grain,Vegetarian,Breakfast,389,Yes,Yes,Yes,Yes,Yes,Yes,Yes,Yes,No
Avocado,Fruit,Vegetarian,Snack,160,Yes,Yes,Yes,Yes,Yes,Yes,Yes,Yes,No
Chocolate Cake,Dessert,Vegetarian,Dessert,300,No,No,No,Yes,No,No,No,No,Yes
Tofu,Protein,Vegan,Lunch,76,Yes,Yes,Yes,Yes,Yes,Yes,Yes,Yes,No
