Category,Item Name,Food Type,Meal Time,Calories,Protein,Sugar,BP,Heart Disease,Asthma,Allergy,Cholesterol,Thyroid,Notes,id
Gain,Avocado,Fruit,Breakfast,160,2,0,No,Yes,No,No,Low,No,Good for weight gain; low in sugar,1
Loss,Greek Yogurt,Dairy,Breakfast,100,10,6,No,No,No,No,Low,No,High in protein; moderate in sugar,2
Gain,Almonds,Nut,Snack,575,21,2,No,No,No,No,Moderate,No,High in calories; low in sugar,3
Loss,Carrot Sticks,Vegetable,Snack,40,1,4,No,No,No,No,Low,No,Low in calories and sugar,4
Gain,Oatmeal,Cereal,Breakfast,150,5,1,No,No,No,No,Low,No,Good for sustained energy; low in sugar,5
Loss,Apple,Fruit,Snack,95,0.5,19,No,No,No,No,Low,No,High in sugar; avoid if sugar-sensitive,6
Gain,Chicken Breast,Meat,Dinner,165,31,0,No,No,No,No,Low,No,High in protein; no sugar,7
Loss,Spinach,Vegetable,Salad,23,2.9,0.4,No,No,No,No,Low,No,Low in calories and sugar,8
Gain,Sweet Potatoes,Vegetable,Dinner,103,2,7,No,No,No,No,Low,No,Moderate in sugar; high in vitamins,9
Loss,White Bread,Grain,Breakfast,80,2,1,No,No,No,No,Moderate,No,Low in calories; moderate in sugar,10
Gain,Peanut Butter,Spread,Snack,190,8,3,No,No,No,No,High,No,High in calories and protein; moderate sugar,11
Loss,Celery Sticks,Vegetable,Snack,16,0.7,1.2,No,No,No,No,Low,No,Very low in calories and sugar,12
Gain,Salmon,Fish,Dinner,206,22,0,No,No,No,No,Moderate,No,High in protein; no sugar,13
Loss,Grapes,Fruit,Snack,70,0.6,18,No,No,No,No,Low,No,High in sugar; avoid if sugar-sensitive,14
Gain,Quinoa,Grain,Dinner,222,8,0,No,No,No,No,Low,No,Good protein source; very low in sugar,15
Loss,Broccoli,Vegetable,Dinner,55,4,1.7,No,No,No,No,Low,No,Low in calories and sugar,16
Gain,Cottage Cheese,Dairy,Snack,206,28,6,No,No,No,No,Low,No,High in protein; moderate sugar,17
Loss,Zucchini,Vegetable,Dinner,33,1,2.5,No,No,No,No,Low,No,Very low in calories and sugar,18
Gain,Beef Steak,Meat,Dinner,242,26,0,No,No,No,No,High,No,High in protein; no sugar,19
Loss,Cauliflower,Vegetable,Dinner,25,2,1.9,No,No,No,No,Low,No,Low in calories and sugar,20
Gain,Mixed Nuts,Nut,Snack,200,5,2,No,No,No,No,High,No,High in calories; low in sugar,21
Loss,Banana,Fruit,Snack,105,1.3,14,No,No,No,No,Low,No,High in sugar; avoid if sugar-sensitive,22
Gain,Turkey Breast,Meat,Dinner,135,30,0,No,No,No,No,Low,No,High in protein; no sugar,23
Loss,Chickpeas,Legume,Dinner,164,9,2.6,No,No,No,No,Low,No,Moderate in calories and sugar,24
Gain,Flaxseeds,Seed,Snack,150,5,0,No,No,No,No,Low,No,High in healthy fats; no sugar,25
Loss,Mango,Fruit,Snack,99,0.8,23,No,No,No,No,Low,No,High in sugar; avoid if sugar-sensitive,26
Gain,Tofu,Legume,Meal,76,8,0.3,No,No,No,No,Low,No,High in protein; low in sugar,27
Loss,Peppers,Vegetable,Snack,31,1,2.4,No,No,No,No,Low,No,Low in calories and sugar,28
Gain,Chia Seeds,Seed,Snack,138,4.7,0,No,No,No,No,Low,No,High in fiber and omega-3; no sugar,29
Loss,Pineapple,Fruit,Snack,82,0.9,16,No,No,No,No,Low,No,High in sugar; avoid if sugar-sensitive,30
Gain,Eggs,Dairy,Meal,155,13,1.1,No,No,No,No,Low,No,High in protein; low in sugar,31
Loss,Asparagus,Vegetable,Dinner,20,2.2,1.2,No,No,No,No,Low,No,Low in calories and sugar,32
Gain,Edamame,Legume,Snack,121,11,2,No,No,No,No,Low,No,High in protein; low in sugar,33
Loss,Orange,Fruit,Snack,62,1.2,12,No,No,No,No,Low,No,Moderate in sugar; avoid if sugar-sensitive,34
Gain,Hemp Seeds,Seed,Snack,166,10,0,No,No,No,No,Low,No,High in protein and healthy fats; no sugar,35
Loss,Beets,Vegetable,Dinner,43,1.6,9.2,No,No,No,No,Low,No,Moderate in sugar; avoid if sugar-sensitive,36
Gain,Seafood Mix,Seafood,Dinner,150,20,0,No,No,No,No,Low,No,High in protein; no sugar,37
Loss,Kiwifruit,Fruit,Snack,42,0.8,8,No,No,No,No,Low,No,Moderate in sugar; avoid if sugar-sensitive,38
Gain,Walnuts,Nut,Snack,185,4,1,No,No,No,No,High,No,High in calories and healthy fats; low in sugar,39
Loss,Tomatoes,Vegetable,Snack,18,0.9,2.6,No,No,No,No,Low,No,Low in calories and sugar,40
Gain,Cashews,Nut,Snack,155,5,9,No,No,No,No,Moderate,No,High in calories; moderate in sugar,41
Loss,Plums,Fruit,Snack,46,0.7,10,No,No,No,No,Low,No,Moderate in sugar; avoid if sugar-sensitive,42
Gain,Sardines,Seafood,Dinner,208,25,0,No,No,No,No,Moderate,No,High in protein and omega-3; no sugar,43
Loss,Green Beans,Vegetable,Dinner,31,2,1.6,No,No,No,No,Low,No,Low in calories and sugar,44
Gain,Sunflower Seeds,Seed,Snack,164,6,2,No,No,No,No,Low,No,High in healthy fats; low in sugar,45
Loss,Pears,Fruit,Snack,102,0.6,17,No,No,No,No,Low,No,High in sugar; avoid if sugar-sensitive,46
Gain,Red Meat,Meat,Dinner,250,26,0,No,No,No,No,High,No,High in protein; no sugar,47
Loss,Radishes,Vegetable,Snack,16,0.7,1.9,No,No,No,No,Low,No,Low in calories and sugar,48
Gain,Olive Oil,Oil,Meal,119,0,0,No,No,No,No,Low,No,High in healthy fats; no sugar,49
Loss,Avocado Oil,Oil,Meal,124,0,0,No,No,No,No,Low,No,High in healthy fats; no sugar,50
Gain,Wild Rice,Grain,Dinner,101,4,0,No,No,No,No,Low,No,Good source of fiber; no sugar,51
Loss,Apricots,Fruit,Snack,48,0.5,9,No,No,No,No,Low,No,Moderate in sugar; avoid if sugar-sensitive,52
Gain,Mussels,Seafood,Dinner,172,24,0,No,No,No,No,Low,No,High in protein; no sugar,53
Loss,Cucumber,Vegetable,Snack,16,0.7,1.7,No,No,No,No,Low,No,Low in calories and sugar,54
Gain,Turkey Bacon,Meat,Snack,58,5,0,No,No,No,No,Moderate,No,Low in sugar; moderate in protein,55
Loss,Figs,Fruit,Snack,74,0.8,16,No,No,No,No,Low,No,High in sugar; avoid if sugar-sensitive,56
Gain,Chickpea Salad,Legume,Meal,150,6,3,No,No,No,No,Low,No,Moderate in calories and protein; low in sugar,57
Loss,Strawberries,Fruit,Snack,32,0.7,5,No,No,No,No,Low,No,Moderate in sugar; avoid if sugar-sensitive,58
Gain,Basil,Herb,Meal,22,1,0.6,No,No,No,No,Low,No,Low in calories; no sugar,59
Loss,Beef Jerky,Meat,Snack,116,10,4,No,No,No,No,Moderate,No,High in protein; moderate in sugar,60
Gain,Pumpkin Seeds,Seed,Snack,151,7,0,No,No,No,No,Low,No,High in protein and healthy fats; no sugar,61
Loss,Mushrooms,Vegetable,Snack,22,3,1,No,No,No,No,Low,No,Low in calories and sugar,62
Gain,Lentils,Legume,Meal,116,9,1.8,No,No,No,No,Low,No,Good source of protein and fiber; low in sugar,63
Loss,Kale,Vegetable,Salad,33,2.9,0.9,No,No,No,No,Low,No,Low in calories and sugar,64
