Category,Item Name,Food Type
Protein-Rich Foods,Chicken breast,Non-Vegetarian
Protein-Rich Foods,Turkey breast,Non-Vegetarian
Protein-Rich Foods,Salmon,Non-Vegetarian
Protein-Rich Foods,Tuna,Non-Vegetarian
Protein-Rich Foods,Mackerel,Non-Vegetarian
Protein-Rich Foods,Sardines,Non-Vegetarian
Protein-Rich Foods,Eggs,Vegetarian
Protein-Rich Foods,Greek yogurt,Vegetarian
Protein-Rich Foods,Cottage cheese,Vegetarian
Protein-Rich Foods,Tofu,Vegetarian
Protein-Rich Foods,Tempeh,Vegetarian
Protein-Rich Foods,Lentils,Vegetarian
Protein-Rich Foods,Chickpeas,Vegetarian
Protein-Rich Foods,Black beans,Vegetarian
Protein-Rich Foods,Kidney beans,Vegetarian
Protein-Rich Foods,Pork tenderloin,Non-Vegetarian
Protein-Rich Foods,Beef steak,Non-Vegetarian
Protein-Rich Foods,Ground beef,Non-Vegetarian
Protein-Rich Foods,Lamb,Non-Vegetarian
Protein-Rich Foods,Bison,Non-Vegetarian
Carbohydrate-Rich Foods,Brown rice,Vegetarian
Carbohydrate-Rich Foods,White rice,Vegetarian
Carbohydrate-Rich Foods,Oats,Vegetarian
Carbohydrate-Rich Foods,Quinoa,Vegetarian
Carbohydrate-Rich Foods,Barley,Vegetarian
Carbohydrate-Rich Foods,Buckwheat,Vegetarian
Carbohydrate-Rich Foods,Whole wheat bread,Vegetarian
Carbohydrate-Rich Foods,Whole wheat pasta,Vegetarian
Carbohydrate-Rich Foods,Potatoes,Vegetarian
Carbohydrate-Rich Foods,Sweet potatoes,Vegetarian
Carbohydrate-Rich Foods,Yams,Vegetarian
Carbohydrate-Rich Foods,Butternut squash,Vegetarian
Carbohydrate-Rich Foods,Corn,Vegetarian
Carbohydrate-Rich Foods,Peas,Vegetarian
Carbohydrate-Rich Foods,Beets,Vegetarian
Carbohydrate-Rich Foods,Pumpkin,Vegetarian
Carbohydrate-Rich Foods,Bulgar wheat,Vegetarian
Carbohydrate-Rich Foods,Couscous,Vegetarian
Carbohydrate-Rich Foods,Farro,Vegetarian
Carbohydrate-Rich Foods,Millet,Vegetarian
Healthy Fats,Avocados,Vegetarian
Healthy Fats,Almonds,Vegetarian
Healthy Fats,Walnuts,Vegetarian
Healthy Fats,Pecans,Vegetarian
Healthy Fats,Cashews,Vegetarian
Healthy Fats,Macadamia nuts,Vegetarian
Healthy Fats,Peanut butter,Vegetarian
Healthy Fats,Almond butter,Vegetarian
Healthy Fats,Sunflower seeds,Vegetarian
Healthy Fats,Chia seeds,Vegetarian
Healthy Fats,Flaxseeds,Vegetarian
Healthy Fats,Olive oil,Vegetarian
Healthy Fats,Coconut oil,Vegetarian
Healthy Fats,Sesame oil,Vegetarian
Healthy Fats,Ghee,Vegetarian
Healthy Fats,Full-fat milk,Vegetarian
Healthy Fats,Full-fat yogurt,Vegetarian
Healthy Fats,Full-fat cheese,Vegetarian
Healthy Fats,Heavy cream,Vegetarian
Healthy Fats,Sour cream,Vegetarian
High-Calorie Snacks,Trail mix,Vegetarian
High-Calorie Snacks,Dark chocolate,Vegetarian
High-Calorie Snacks,Granola bars,Vegetarian
High-Calorie Snacks,Protein bars,Vegetarian
High-Calorie Snacks,Fruit and nut bars,Vegetarian
High-Calorie Snacks,Smoothies with added protein,Vegetarian
High-Calorie Snacks,Dried apricots,Vegetarian
High-Calorie Snacks,Dried figs,Vegetarian
High-Calorie Snacks,Dried dates,Vegetarian
High-Calorie Snacks,Raisins,Vegetarian
High-Calorie Snacks,Banana chips,Vegetarian
High-Calorie Snacks,Hummus with pita bread,Vegetarian
High-Calorie Snacks,Cheese and crackers,Vegetarian
High-Calorie Snacks,Popcorn with butter,Vegetarian
High-Calorie Snacks,Rice cakes with peanut butter,Vegetarian
High-Calorie Snacks,Hard-boiled eggs,Vegetarian
High-Calorie Snacks,Muffins,Vegetarian
High-Calorie Snacks,Scones,Vegetarian
High-Calorie Snacks,Pancakes with syrup,Vegetarian
High-Calorie Snacks,Bagels with cream cheese,Vegetarian
Calorie-Dense Meals,Pasta with meat sauce,Non-Vegetarian
Calorie-Dense Meals,Beef stew,Non-Vegetarian
Calorie-Dense Meals,Chicken Alfredo,Non-Vegetarian
Calorie-Dense Meals,Meat lasagna,Non-Vegetarian
Calorie-Dense Meals,Chicken and rice casserole,Non-Vegetarian
Calorie-Dense Meals,Shepherd’s pie,Non-Vegetarian
Calorie-Dense Meals,Chili with beans and beef,Non-Vegetarian
Calorie-Dense Meals,Burritos with rice and beans,Non-Vegetarian
Calorie-Dense Meals,Sushi with avocado and salmon,Non-Vegetarian
Calorie-Dense Meals,Ramen noodles with pork,Non-Vegetarian
Calorie-Dense Meals,Stir-fried noodles with chicken,Non-Vegetarian
Calorie-Dense Meals,Mashed potatoes with gravy,Vegetarian
Calorie-Dense Meals,Macaroni and cheese,Vegetarian
Calorie-Dense Meals,Grilled cheese sandwiches,Vegetarian
Calorie-Dense Meals,Meatloaf with mashed potatoes,Non-Vegetarian
Calorie-Dense Meals,Pulled pork sandwiches,Non-Vegetarian
Calorie-Dense Meals,Chicken parmesan,Non-Vegetarian
Calorie-Dense Meals,Shrimp scampi with pasta,Non-Vegetarian
Calorie-Dense Meals,Risotto with mushrooms and cheese,Vegetarian
Calorie-Dense Meals,"Tacos with beef, cheese, and guacamole",Non-Vegetarian
